	name	count
156	NETGEAR TEAM	8272
71	AMAZON CUSTOMER	61
28	EDWARD MITTELSTAEDT	9
41	AND YEN	8
126	BILLY ALLMON	8
244	JIM AND	8
220	A MCLEAN	8
89	TIME REVIEWS	7
29	TROY ELIAS	7
24	JUSTIN POULSEN	7
263	SPARE TIME	7
169	CURRY JR	6
106	AND MICHAEL	6
157	THOMAS CURRY	6
162	DONALD CHRISTOPHER	6
257	OPTI MYSTIC	6
271	ANYA AND	6
199	SENSE GUILTY	5
205	WILLIAM KEENER	5
160	NO SENSE	5
330	IN NO	5
194	CHRIS TRAVIS	5
27	EDWARD SEBESTA	5
310	JASON REINOEHL	4
60	LOVE AND	4
335	LAKE OF	4
101	ENTANGLED LIGHT	4
319	TOMAS RODRIGUEZ	4
121	AND LAUGHTER	4
281	THE POLAR	4
260	EL MAGNIFICO	4
247	BAO NGUYEN	4
158	STEPHEN SCHWARTZ	4
161	OF LOVE	4
57	POLAR HIPSTERS	4
338	PATRICIA COLBURN	4
18	KEVIN FURLOW	4
58	JON LANGEVIN	3
231	JOHN LOVELL	3
238	IN SD	3
224	THE GADGETMAN	3
223	E'S MUMBLES	3
113	BAY LOCAL	3
213	ADAM GUNN	3
70	DAVID BUNNELL	3
203	WINSTON CABADING	3
197	ST PETE	3
264	MORRIS TATE	3
269	A TAMPA	3
178	OL WC	3
272	TAMPA BAY	3
79	CHRIS IN	3
311	MATTHEW GONZALEZ	3
332	K&AMP;R IN	3
293	JCR 918	3
325	KRISTIN LEE	3
129	IN ST	3
102	PETER DECRISTO	3
314	ROBERT JONES	3
143	DALE CHANNING	2
117	HEATHER BROCKWAY	2
228	TERREL HUNTER	2
123	JOEL FRITZ	2
215	END USER	2
131	CINDY LOU	2
133	JOHN PERRY	2
201	BARRY FERGUSON	2
134	ASHLEY BAZURTO	2
151	JB DIAMOND	2
136	LOU GILDIG	2
180	RUDY GARCIA	2
137	DIANA ROSSMAN	2
176	STAN JAN	2
174	QUALITY SEEKER	2
173	A RABUN	2
233	ROBIN GOOD	2
171	KEN DRAKE	2
20	MEW CLUB	2
21	JASON JACQUES	2
36	CAMACHO A	2
249	MICHAEL MUTH	2
236	THE VETERAN	2
240	NEW MOM	2
331	JENNIFER RUGGIERO	2
321	LARRY MICHALEC	2
318	MARVIN 10	2
317	HAROLD GRAHAM	2
315	CHARLES CONNOR	2
309	ROBERT TOTMAN	2
298	SERGEY EVDOKIMOV	2
296	MR SLUSHY	2
294	SAM MCNAIR	2
290	CHANNING EDDY	2
289	DAVID KAWCZYNSKI	2
285	GIOVANNI D.PUGLISI	2
283	RYAN BAKER	2
282	GARY AL	2
280	SAVVY SHOPPER	2
278	ROBERT ZORNES	2
275	JOE A	2
273	GUILLAUME NORMAND	2
7	KINDLE CUSTOMER	2
270	BERT MAGNUSON	2
259	THE FIRST	2
258	MICHAEL WUTZ	2
256	RIVER VIEW	2
252	A FEINBERG	2
250	JUDY VOLLAN	2
11	O-G B-V	2
242	JAY SULLIVAN	2
115	MIKE A	2
187	ALFA VILLA	2
90	JOHN MOEN	2
81	TO AMAZON	2
87	MOM 04	2
47	GVAZ THE	2
50	DAVID CALDER	2
45	DANIEL CAMACHO	2
73	AKRAM ALHINNAWI	2
43	CONCERNED ONE	2
42	BRENT A	2
30	WILLIAM PITT	2
65	REGINA PHALANGIE	2
104	ADDICTED TO	2
26	RICARDO REMIS	2
63	BOBBY MEADOWS	2
85	STEVE SWICKARD	2
39	ERIC MCMANUS	2
38	AN AMAZON	2
109	RAJEN PANDYA	2
56	JOY MAYER	2
77	I INDIECDS	2
55	A BECK	2
94	STEPHANIE D'ADDARIO	2
83	LIAM SARSFIELD	2
110	SCOTT LINDNER	2
66	JAMAR A	1
274	ENCHANTED TIKI	1
266	TONKINESE LOVER	1
8	NATHAN DAVIS	1
262	LES ADAMS	1
277	CUNHA JR	1
261	FROM RI	1
265	TIKI ROOM	1
267	TED JORDAN	1
276	SANJAY SINGH	1
61	GERRIT BRUSSE	1
268	RAMSEY KSAR	1
64	TOUR GUIDE	1
67	MICHAEL MANTION	1
33	ROB LUCO	1
62	DANIEL MENDOZA	1
9	DON HARPER	1
112	LINUX COLONEL	1
68	MICHAEL BEHM	1
12	FLORANTE BALBOA	1
80	JAMES KERRY	1
234	NICK NY	1
235	JOEY NELSON	1
78	ZUM ZAMIM	1
237	BOOK JUNKIE	1
239	A JOYNER	1
76	MY CAMEL	1
241	MARK SPILBERG	1
75	PHIL PRO	1
243	AM THE	1
245	KIM NEVE	1
10	THE GEEK	1
246	MARK LOCK	1
74	RICHARD SCALZO	1
248	FUTURE EX	1
72	JAY CRAWFORD	1
251	INFORMED SHOPPER	1
59	JOSEPH TAIBI	1
253	GANG CHEN	1
254	FRED CUNHA	1
255	TOM HARRINGTON	1
69	IN NM	1
32	DB66 IN	1
54	THE TUSK	1
279	CUI HUA	1
324	LA GARZA	1
46	MR FRED	1
312	VEDIC ASTROLOGER	1
313	A KIM	1
44	BENJAMIN RONNAU	1
316	MATT IN	1
4	SF TOUR	1
320	DONA LUNA	1
35	EDGAR PELAYO	1
322	RICHARD JI	1
323	KARIM HELMY	1
40	I AM	1
34	A LOWER	1
326	HUA CHUNG	1
327	MICHAEL SEAN	1
328	THOMAS KEEL	1
329	WEI LUN	1
3	BRADLEY A	1
333	RICHARD JACOBY	1
334	ERIC KENT	1
2	SCOTT SHAW	1
336	BRANDON BARKER	1
337	JASON HALL	1
5	FINANCIAL AFFAIRS	1
308	HARVEY A	1
307	DIRECTOR OF	1
306	JAMES TOY	1
6	DANIELLE PH.D	1
284	SHAUN SKELTON	1
286	ERIC FISK	1
287	A BENSON	1
288	FROM MN	1
53	DANIEL KIRK	1
52	MARCOS MIRANDA	1
291	LARRY GILMORE	1
292	ALLAN GO	1
51	PATRICK SIMPSON	1
295	MICHAEL TAYLOR	1
49	CHARLES JOHN	1
297	MARK IN	1
48	JEFF CAMPBELL	1
299	THE LINUX	1
300	DAVID BARNES	1
301	CHUCK KNUTSON	1
302	GENEVA HALEAMAU	1
303	CAPT'N BOB	1
304	VERIFIED AMAZON	1
305	STEVE RODGERS	1
232	BOB FROM	1
225	A LANZA	1
230	CHUCK FORRESTER	1
98	WII FIT	1
146	KEITH URBAN	1
147	ALLEN THE	1
148	PAUL PARK	1
149	GREGORY A.ANDERSON	1
150	ZENG SHENG	1
99	ADELE DRAKE	1
152	OF FINANCIAL	1
153	RENEGADE KNIGHT	1
154	OMAQUAL JUANSONLING	1
155	NALLENDRAN GOVINDARAJAN	1
22	TOWN OHIO	1
97	DAVID RUSKIN	1
229	SKIP TRIBBY	1
159	IN OAKLAND	1
19	A HORWITZ	1
96	DROOPY DRAWERS	1
17	SCOTT ESPENSCHIED	1
163	JAN KLIER	1
164	JAMES NGUYEN	1
165	ROGER FOX	1
166	SMALL TOWN	1
167	MARK WILLIAMS	1
168	RHONDA FLETCHER	1
1	ROLAND ALEXANDER	1
145	PLUMB MARTIN	1
144	SEAN FISHER	1
100	TARA VEDIC	1
142	RICHARD PHILLIPS	1
114	A HOEY	1
116	EX HUSBAND	1
118	LUIS FERNANDO	1
119	HEATHER DONAHUE	1
120	SATOSHI KOJIMA	1
25	RED ROBIN	1
122	JON NEWKIRK	1
108	JOHN SPARKS	1
124	THAT GUY	1
125	DIY GUY	1
23	GYM RAT	1
127	THOMAS KNABE	1
128	BILL JONES	1
107	TONY SEMION	1
130	PROFOUND REVIEWER	1
132	DANIEL DENIS	1
105	LUN LIN	1
135	ELLIS BAXTER	1
103	TRACY BOLTE	1
138	CHRISTIAN KUNIG	1
139	SHENG LIU	1
140	VIRGIN USER	1
141	JOHN MUNOZ	1
170	ERNEST A	1
95	YOUR FUTURE	1
172	THOMAS ZDON	1
88	VICTOR MANCINI	1
204	BRETT SMITH	1
14	THE DARK	1
206	FIT MII	1
207	KEN HOPSON	1
208	TIMOTHY WALKER	1
209	DE LA	1
210	A BACON	1
211	KEAGAN JOLLY	1
212	MOSTLY LUCK	1
86	HAPPY COOKER	1
214	CARL HEINZ	1
216	MATTHEW HAMILTON	1
217	KATHY A	1
218	BILL FROM	1
219	GEORGE RYLES	1
13	ROBERT DALLAGO	1
221	JOSEPH PLUMB	1
222	IN PARTICULAR	1
84	KEVIN HARRISON	1
111	BEEN THERE	1
226	NOBODY IN	1
227	ROBERT WAINBLAT	1
82	DANNY NGUYEN	1
202	MICHAEL EDWARDS	1
200	STANLEY WU	1
93	STEPHEN POTTER	1
15	DANISH IMAM	1
175	IN SMALL	1
92	SKI SKI	1
177	IN GNV	1
91	AMAZONIAN SPECIALIST	1
179	BUZZ BUZZARD	1
181	ERIC DEMERS	1
182	ROBERT HOLLAR	1
183	VIK MEHTA	1
184	RUSKIN MD	1
185	KIMBERLY WERRY	1
186	RON YOUNG	1
37	JAMES IPOCK	1
188	GENE LORENZO	1
189	JAVIER DE	1
190	FERNANDO OLIVEIRA	1
191	JOHN GERVASI	1
192	DARK SIDE	1
193	MASTER BRUNO	1
16	SHARPER USER	1
195	THE ENGLISHMAN	1
196	HERE IN	1
31	PATRICK ROSENBAUM	1
198	MICHAEL BENDER	1
0	ORANGE SKIES	1
