	name	count
150	NETGEAR TEAM	8272
46	AMAZON CUSTOMER	61
184	EDWARD MITTELSTAEDT	9
96	JIM YEN	8
235	BILLY ALLMON	8
239	TROY ELIAS	7
42	TIME REVIEWS	7
243	JUSTIN POULSEN	7
255	SPARE TIME	7
76	OPTI MYSTIC	6
118	ANYA MICHAEL	6
30	THOMAS CURRY	6
112	DONALD CHRISTOPHER	6
6	CURRY JR	6
219	CHRIS TRAVIS	5
35	EDWARD SEBESTA	5
185	SENSE GUILTY	5
19	WILLIAM KEENER	5
246	JASON REINOEHL	4
94	KEVIN FURLOW	4
3	EL MAGNIFICO	4
74	TOMAS RODRIGUEZ	4
271	PATRICIA COLBURN	4
33	BAO NGUYEN	4
57	POLAR HIPSTERS	4
86	ENTANGLED LIGHT	4
199	LOVE LAUGHTER	4
183	STEPHEN SCHWARTZ	4
127	JOHN LOVELL	3
82	MORRIS TATE	3
104	WINSTON CABADING	3
157	E'S MUMBLES	3
55	K&AMP;R SD	3
113	PETER DECRISTO	3
62	TAMPA BAY	3
146	ROBERT JONES	3
129	KRISTIN LEE	3
195	ST PETE	3
0	JCR 918	3
21	MATTHEW GONZALEZ	3
5	CHRIS ST	3
270	OL WC	3
230	DAVID BUNNELL	3
34	JON LANGEVIN	3
214	ADAM GUNN	3
8	BAY LOCAL	3
260	JAY SULLIVAN	2
128	JOEL FRITZ	2
245	O-G B-V	2
125	DIANA ROSSMAN	2
122	CHANNING EDDY	2
247	RYAN BAKER	2
114	GVAZ FIRST	2
251	JUDY VOLLAN	2
252	SAM MCNAIR	2
200	JENNIFER RUGGIERO	2
261	BOBBY MEADOWS	2
109	DALE CHANNING	2
130	MR SLUSHY	2
105	RUDY GARCIA	2
263	KINDLE CUSTOMER	2
103	SERGEY EVDOKIMOV	2
98	MICHAEL MUTH	2
97	LIAM SARSFIELD	2
273	CHARLES CONNOR	2
106	HAROLD GRAHAM	2
142	BRENT FEINBERG	2
136	DANIEL CAMACHO	2
162	QUALITY SEEKER	2
207	KEN DRAKE	2
211	GIOVANNI D.PUGLISI	2
191	LOU GILDIG	2
188	CINDY LOU	2
91	GUILLAUME NORMAND	2
215	DAVID KAWCZYNSKI	2
179	REGINA PHALANGIE	2
176	LARRY MICHALEC	2
173	ROBERT TOTMAN	2
158	ERIC MCMANUS	2
197	SAVVY SHOPPER	2
217	JB DIAMOND	2
223	JASON JACQUES	2
156	STEPHANIE D'ADDARIO	2
224	MOM 04	2
225	DAVID CALDER	2
149	ADDICTED AMAZON	2
148	RICARDO REMIS	2
147	ROBERT ZORNES	2
236	STEVE SWICKARD	2
93	ALFA VILLA	2
139	JOY MAYER	2
12	MARVIN 10	2
83	RAJEN PANDYA	2
13	STAN JAN	2
52	TERREL HUNTER	2
69	GARY AL	2
16	ASHLEY BAZURTO	2
37	END USER	2
17	MEW CLUB	2
10	JOHN MOEN	2
79	WILLIAM PITT	2
80	BERT MAGNUSON	2
38	JOHN PERRY	2
56	SCOTT LINDNER	2
65	AKRAM ALHINNAWI	2
89	MICHAEL WUTZ	2
26	BARRY FERGUSON	2
71	HEATHER BROCKWAY	2
213	FRED CUNHA	1
220	DROOPY DRAWERS	1
28	KIM NEVE	1
218	ERNEST LANZA	1
29	VIK MEHTA	1
27	JAY CRAWFORD	1
221	SHARPER USER	1
25	TRACY BOLTE	1
226	ADELE DRAKE	1
216	JOEY NELSON	1
227	DANIEL MENDOZA	1
228	VICTOR MANCINI	1
31	SCOTT SHAW	1
32	STEPHEN POTTER	1
222	MARK SPILBERG	1
90	THOMAS ZDON	1
212	AMAZONIAN SPECIALIST	1
36	PLUMB MARTIN	1
43	MICHAEL BENDER	1
192	WEI LUN	1
193	LUN LIN	1
194	RICHARD SCALZO	1
41	ERIC KENT	1
196	ROBERT WAINBLAT	1
40	DAVID BARNES	1
198	DANIEL DENIS	1
39	ERIC FISK	1
201	SHENG LIU	1
202	JON NEWKIRK	1
203	JOSEPH PLUMB	1
204	KARIM HELMY	1
205	BRADLEY LOWER	1
206	ALLEN GEEK	1
208	MR FRED	1
209	ROLAND ALEXANDER	1
210	NOBODY PARTICULAR	1
24	ALLAN GO	1
229	ENCHANTED TIKI	1
22	RICHARD PHILLIPS	1
231	MARK GNV	1
267	JASON HALL	1
258	FERNANDO OLIVEIRA	1
259	JAVIER DE	1
11	HARVEY HORWITZ	1
262	STANLEY WU	1
9	GEORGE RYLES	1
264	PROFOUND REVIEWER	1
265	KEITH URBAN	1
266	JAMES IPOCK	1
268	DIRECTOR FINANCIAL	1
232	DONA LUNA	1
269	TONY SEMION	1
7	ZENG SHENG	1
4	STEVE RODGERS	1
272	JOHN GERVASI	1
2	CHUCK FORRESTER	1
274	LARRY GILMORE	1
275	MATTHEW HAMILTON	1
276	DANNY NGUYEN	1
257	CHUCK KNUTSON	1
256	FLORANTE BALBOA	1
254	FINANCIAL AFFAIRS	1
253	PATRICK SIMPSON	1
233	WII FIT	1
234	GANG CHEN	1
23	HEATHER DONAHUE	1
189	LUIS FERNANDO	1
237	DANISH IMAM	1
238	JAMAR JOYNER	1
20	DARK SIDE	1
240	GENE LORENZO	1
241	SF TOUR	1
242	THOMAS KEEL	1
18	ROGER FOX	1
244	MARCOS MIRANDA	1
15	FUTURE EX	1
248	VIRGIN USER	1
249	TARA VEDIC	1
250	GENEVA HALEAMAU	1
14	ROBERT HOLLAR	1
190	GREGORY A.ANDERSON	1
47	RENEGADE KNIGHT	1
44	ROBERT DALLAGO	1
187	THOMAS KNABE	1
119	MARK WILLIAMS	1
120	JAMES TOY	1
121	BOB MN	1
123	DAVID RUSKIN	1
124	ELLIS BAXTER	1
70	TOWN OHIO	1
126	DANIELLE PH.D	1
68	DE LA	1
67	ZUM ZAMIM	1
66	MASTER BRUNO	1
131	NATHAN DAVIS	1
132	JAN KLIER	1
133	FIT MII	1
134	MICHAEL BEHM	1
135	RICHARD JACOBY	1
137	TOM HARRINGTON	1
138	INFORMED SHOPPER	1
1	PAUL PARK	1
140	LA GARZA	1
72	EDGAR PELAYO	1
117	SKI SKI	1
116	RAMSEY KSAR	1
102	SCOTT ESPENSCHIED	1
88	HUA CHUNG	1
95	CARL HEINZ	1
87	BOOK JUNKIE	1
85	CUI HUA	1
84	SATOSHI KOJIMA	1
99	MICHAEL TAYLOR	1
100	KEVIN HARRISON	1
101	GERRIT BRUSSE	1
81	BRETT SMITH	1
115	CHARLES JOHN	1
107	MATT OAKLAND	1
108	BILL RI	1
78	PATRICK ROSENBAUM	1
110	PHIL PRO	1
111	NALLENDRAN GOVINDARAJAN	1
77	JOSEPH TAIBI	1
75	MICHAEL EDWARDS	1
73	RON YOUNG	1
141	VERIFIED AMAZON	1
64	MOSTLY LUCK	1
143	MICHAEL SEAN	1
177	BILL JONES	1
169	CHRISTIAN KUNIG	1
170	ROB LUCO	1
171	GYM RAT	1
172	DANIEL KIRK	1
51	SHAUN SKELTON	1
174	TOUR GUIDE	1
175	BUZZ BUZZARD	1
50	JAMES NGUYEN	1
178	RHONDA FLETCHER	1
167	ERIC DEMERS	1
49	JOHN SPARKS	1
180	ORANGE SKIES	1
181	CUNHA JR	1
182	LES ADAMS	1
48	RICHARD JI	1
92	SKIP TRIBBY	1
45	MICHAEL MANTION	1
186	JEFF CAMPBELL	1
168	TED JORDAN	1
166	KIMBERLY WERRY	1
144	BENJAMIN RONNAU	1
153	VEDIC ASTROLOGER	1
145	DIY GUY	1
63	LINUX COLONEL	1
61	DB66 NM	1
60	RUSKIN MD	1
59	JOHN MUNOZ	1
58	MARK LOCK	1
151	SANJAY SINGH	1
152	OMAQUAL JUANSONLING	1
154	KEAGAN JOLLY	1
165	KEN HOPSON	1
155	CAPT'N BOB	1
54	HAPPY COOKER	1
53	BRANDON BARKER	1
159	TIKI ROOM	1
160	JAMES KERRY	1
161	TONKINESE LOVER	1
163	SEAN FISHER	1
164	TIMOTHY WALKER	1
277	NICK NY	1
